[
  {
    "name": "GTA VI",
    "brand": "Vildrau Games",
    "category": "GENERAL",
    "maxPrice": 79.99,
    "rating": [],
    "price": 0.0
  },
  {
    "name": "Xuixo de Crema",
    "brand": "Viladrau Bakery 5",
    "category": "REDUCED",
    "maxPrice": 5.5,
    "rating": [],
    "price": 0.0
  },
  {
    "name": "Billet de Tram",
    "brand": "Viladrau Mobility",
    "category": "SUPER_REDUCED",
    "maxPrice": 2.25,
    "rating": [],
    "price": 0.0
  },
  {
    "name": "Cool Plant",
    "brand": "Not An Alien",
    "category": "GENERAL",
    "maxPrice": 360.36,
    "rating": [],
    "price": 0.0
  },
  {
    "name": "Bouquet of Roses",
    "brand": "La Salle Gardening",
    "category": "REDUCED",
    "maxPrice": 79.99,
    "rating": [],
    "price": 0.0
  },
  {
    "name": "How to Train Your Alien",
    "brand": "Not An Alien",
    "category": "SUPER_REDUCED",
    "maxPrice": 25.0,
    "rating": [],
    "price": 0.0
  },
  {
    "name": "Simulacra Machine",
    "brand": "Cereberus Assembly",
    "category": "GENERAL",
    "maxPrice": 1000.0,
    "rating": [],
    "price": 0.0
  },
  {
    "name": "Bag of Holding",
    "brand": "Trevan Trinkets",
    "category": "REDUCED",
    "maxPrice": 500.0,
    "rating": [],
    "price": 0.0
  },
  {
    "name": "Pearl of Power",
    "brand": "Trevan Trinkets",
    "category": "SUPER_REDUCED",
    "maxPrice": 200.0,
    "rating": [],
    "price": 0.0
  },
  {
    "name": "a",
    "brand": "a",
    "category": "REDUCED",
    "maxPrice": 200.0,
    "rating": [
      "1* ok",
      "5* ok",
      "5* okok"
    ],
    "price": 0.0
  },
  {
    "name": "b",
    "brand": "B",
    "category": "SUPER_REDUCED",
    "maxPrice": 200.0,
    "rating": [],
    "price": 0.0
  }
]