[
  {
    "name": "Big Shop of Horrors",
    "description": "Description",
    "since": 1960,
    "earnings": 2126.7888,
    "businessModelObject": {
      "loyaltyThreshold": 420.24
    },
    "productCatalog": {
      "products": [
        {
          "name": "Cool Plant",
          "brand": "Not An Alien",
          "category": "GENERAL",
          "maxPrice": 360.36,
          "rating": [],
          "price": 360.36
        },
        {
          "name": "Bouquet of Roses",
          "brand": "La Salle Gardening",
          "category": "REDUCED",
          "maxPrice": 79.99,
          "rating": [],
          "price": 79.99
        },
        {
          "name": "How to Train Your Alien",
          "brand": "Not An Alien",
          "category": "SUPER_REDUCED",
          "maxPrice": 25.0,
          "rating": [],
          "price": 25.0
        }
      ]
    }
  },
  {
    "name": "The Invulnerable Vagrant",
    "description": "Description",
    "since": 835,
    "earnings": 936.1093,
    "businessModelObject": {
      "sponsoringBrand": "Cereberus Assembly"
    },
    "productCatalog": {
      "products": [
        {
          "name": "Simulacra Machine",
          "brand": "Cereberus Assembly",
          "category": "GENERAL",
          "maxPrice": 1000.0,
          "rating": [],
          "price": 1000.0
        },
        {
          "name": "Bag of Holding",
          "brand": "Trevan Trinkets",
          "category": "REDUCED",
          "maxPrice": 500.0,
          "rating": [],
          "price": 500.0
        },
        {
          "name": "Pearl of Power",
          "brand": "Trevan Trinkets",
          "category": "SUPER_REDUCED",
          "maxPrice": 200.0,
          "rating": [],
          "price": 200.0
        }
      ]
    }
  },
  {
    "name": "Queviures Groceries",
    "description": "Description",
    "since": 1999,
    "earnings": 2763.1848,
    "businessModelObject": {},
    "productCatalog": {
      "products": [
        {
          "name": "GTA VI",
          "brand": "Vildrau Games",
          "category": "GENERAL",
          "maxPrice": 79.99,
          "rating": [],
          "price": 79.99
        },
        {
          "name": "Xuixo de Crema",
          "brand": "Viladrau Bakery 5",
          "category": "REDUCED",
          "maxPrice": 5.5,
          "rating": [],
          "price": 5.5
        },
        {
          "name": "Billet de Tram",
          "brand": "Viladrau Mobility",
          "category": "SUPER_REDUCED",
          "maxPrice": 2.25,
          "rating": [],
          "price": 2.25
        },
        {
          "name": "a",
          "brand": "a",
          "category": "REDUCED",
          "maxPrice": 200.0,
          "rating": [
            "1* ok",
            "5* ok",
            "5* okok"
          ],
          "price": 200.0
        },
        {
          "name": "b",
          "brand": "B",
          "category": "SUPER_REDUCED",
          "maxPrice": 200.0,
          "rating": [],
          "price": 200.0
        }
      ]
    }
  }
]